{
  "012-345-101": {
    "parcelId": "012-345-101",
    "legalDescription": "Lot 1, DL 1001, Plan 9001",
    "title": { "titleId": "T-1001", "status": "Active" },
    "owners": [{ "ownerId": "O-2001", "name": "Alice Example" }],
    "rrrs": [{ "rrrId": "R-3001", "type": "Mortgage", "status": "Active", "holder": "Bank of Example" }],
    "surveyPlan": { "planId": "SP-4001", "description": "Registered Survey Plan A" },
    "assessment": { "assessmentId": "A-5001", "year": 2025, "value": 870000 },
    "zoning": { "zoneId": "Z-6001", "zoneType": "Residential" }
  },
  "012-345-102": {
    "parcelId": "012-345-102",
    "legalDescription": "Lot 2, DL 1002, Plan 9002",
    "title": { "titleId": "T-1002", "status": "Active" },
    "owners": [
      { "ownerId": "O-2002", "name": "Bob Example", "share": "50%" },
      { "ownerId": "O-2003", "name": "Carol Example", "share": "50%" }
    ],
    "rrrs": [],
    "surveyPlan": { "planId": "SP-4002", "description": "Registered Survey Plan B" },
    "assessment": { "assessmentId": "A-5002", "year": 2025, "value": 640000 },
    "zoning": { "zoneId": "Z-6002", "zoneType": "Residential" }
  },
  "012-345-103": {
    "parcelId": "012-345-103",
    "legalDescription": "Lot 3, DL 1003, Plan 9003",
    "title": { "titleId": "T-1003", "status": "Active" },
    "owners": [{ "ownerId": "O-2004", "name": "Example Holdings Ltd.", "type": "Company" }],
    "rrrs": [{ "rrrId": "R-3002", "type": "Mortgage", "status": "Expired", "holder": "Legacy Bank", "expiredOn": "2022-12-31" }],
    "surveyPlan": { "planId": "SP-4003", "description": "Registered Survey Plan C" },
    "assessment": { "assessmentId": "A-5003", "year": 2024, "value": 1200000 },
    "zoning": { "zoneId": "Z-6003", "zoneType": "Commercial" }
  },
  "012-345-104": {
    "parcelId": "012-345-104",
    "legalDescription": "Lot 4, DL 1004, Plan 9004",
    "title": { "titleId": "T-1004", "status": "Active" },
    "owners": [{ "ownerId": "O-2005", "name": "Dana Example" }],
    "rrrs": [{ "rrrId": "R-3003", "type": "Lease", "status": "Active", "termYears": 20, "commencement": "2020-01-01", "lessee": "Tenant Co." }],
    "surveyPlan": { "planId": "SP-4004", "description": "Registered Survey Plan D" },
    "assessment": { "assessmentId": "A-5004", "year": 2025, "value": 720000 },
    "zoning": { "zoneId": "Z-6004", "zoneType": "Industrial" }
  },
  "012-345-105": {
    "parcelId": "012-345-105",
    "legalDescription": "Lot 5, DL 1005, Plan 9005",
    "title": { "titleId": "T-1005", "status": "Active" },
    "owners": [{ "ownerId": "O-2007", "name": "Evan Example" }],
    "rrrs": [{ "rrrId": "R-3004", "type": "Easement", "status": "Active", "purpose": "Access/ROW" }],
    "surveyPlan": { "planId": "SP-4005", "description": "Registered Survey Plan E" },
    "assessment": { "assessmentId": "A-5005", "year": 2025, "value": 510000 },
    "zoning": { "zoneId": "Z-6005", "zoneType": "Agricultural" }
  },
  "012-345-106": {
    "parcelId": "012-345-106",
    "legalDescription": "Lot 6, DL 1006, Plan 9006",
    "title": { "titleId": "T-1006", "status": "Active" },
    "owners": [{ "ownerId": "O-2008", "name": "Fiona Example" }],
    "rrrs": [{ "rrrId": "R-3005", "type": "Caveat", "status": "Active", "note": "Caveat by municipality" }],
    "surveyPlan": { "planId": "SP-4006", "description": "Registered Survey Plan F" },
    "assessment": { "assessmentId": "A-5006", "year": 2024, "value": 980000 },
    "zoning": { "zoneId": "Z-6006", "zoneType": "MixedUse" }
  },
  "012-345-107": {
    "parcelId": "012-345-107",
    "legalDescription": "Strata Lot 7, DL 1007, Plan 9007",
    "title": { "titleId": "T-1007", "status": "Active" },
    "owners": [
      { "ownerId": "O-2009", "name": "George Example", "share": "25%" },
      { "ownerId": "O-2010", "name": "Hannah Example", "share": "25%" },
      { "ownerId": "O-2011", "name": "Irene Example", "share": "25%" },
      { "ownerId": "O-2012", "name": "Jack Example", "share": "25%" }
    ],
    "rrrs": [],
    "surveyPlan": { "planId": "SP-4007", "description": "Strata Plan 4007" },
    "assessment": { "assessmentId": "A-5007", "year": 2025, "value": 450000 },
    "zoning": { "zoneId": "Z-6007", "zoneType": "MultiFamily" }
  },
  "012-345-108": {
    "parcelId": "012-345-108",
    "legalDescription": "Parcel 8, Crown Land, DL 1008, Plan 9008",
    "title": { "titleId": "T-1008", "status": "Active" },
    "owners": [{ "ownerId": "O-2013", "name": "Province of British Columbia", "type": "Government" }],
    "rrrs": [],
    "surveyPlan": { "planId": "SP-4008", "description": "Crown Survey Plan 4008" },
    "assessment": { "assessmentId": "A-5008", "year": 2025, "value": 0 },
    "zoning": { "zoneId": "Z-6008", "zoneType": "Crown" }
  },
  "012-345-109": {
    "parcelId": "012-345-109",
    "legalDescription": "Vacant Lot 9, DL 1009, Plan 9009",
    "title": { "titleId": "T-1009", "status": "Active" },
    "owners": [{ "ownerId": "O-2014", "name": "Karen Example" }],
    "rrrs": [],
    "surveyPlan": { "planId": "SP-4009", "description": "Survey Plan 4009" },
    "assessment": null,
    "zoning": null
  }
}
